setup,gene,num_mutated,model,graph,gene_selection,cancer type,num_layer,channels,batch,lr,ratio,dropout,aggregation,criterion,max_features,n_estimator,val_auc,val_acc,val_prec,val_recall,test_auc,test_acc,test_prec,test_recall
sorafenib_targets,BRAF,4153,GCN,funcoup,NA,pan_cancer,1,40,4,1e-05,NA,False,hierarchy,NA,NA,NA,0.834588377477768,0.7492483463619964,0.7549575070821529,0.685971685971686,0.8421524806659941,0.7585585585585586,0.7777777777777778,0.6756756756756757
sorafenib_targets,BRAF,4153,ELR,NA,first_degree_neighbors,pan_cancer,NA,NA,NA,0.01,0.3,NA,NA,NA,NA,NA,0.8438603066142569,0.7702946482260974,0.7709190672153635,0.7232947232947233,0.8463192922652383,0.7735735735735736,0.7890173410404624,0.7027027027027027
sorafenib_targets,BRAF,,RF,NA,NA,pan_cancer,NA,NA,NA,NA,NA,False,NA,gini,0.1,1000,0.7199813486495202,0.7233914612146722,0.7198335644937587,0.667953667953668,0.8204705670921886,0.745945945945946,0.7535816618911175,0.676962676962677
sorafenib_targets,RAF1,4153,GCN,humannetv2,NA,pan_cancer,1,48,4,1e-05,NA,False,hierarchy,NA,NA,NA,0.8215556737001433,0.7396271797955503,0.7436260623229461,0.6756756756756757,0.8198806915023131,0.7471471471471471,0.7542857142857143,0.6795366795366795
sorafenib_targets,RAF1,4153,ELR,NA,first_degree_neighbors,pan_cancer,NA,NA,NA,0.01,0.3,NA,NA,NA,NA,NA,0.828840449607944,0.7522549609140108,0.7410832232496698,0.722007722007722,0.8390871566547242,0.760960960960961,0.7665260196905767,0.7014157014157014
sorafenib_targets,RAF1,,RF,NA,NA,pan_cancer,NA,NA,NA,NA,NA,False,NA,gini,0.1,1000,0.7280991891601373,0.7306073361395069,0.721399730820996,0.6898326898326899,0.8128862453186779,0.7387387387387387,0.7355371900826446,0.6872586872586872
