setup,gene,num_mutated,model,graph,gene_selection,cancer type,num_layer,channels,batch,lr,ratio,dropout,aggregation,criterion,max_features,n_estimator,val_auc,val_acc,val_prec,val_recall,test_auc,test_acc,test_prec,test_recall
sorafenib_targets,BRAF,72,GCN,funcoup,NA,LIHC,1,32,4,0.001,NA,False,hierarchy,NA,NA,NA,0.6239892183288409,0.7611940298507462,0.375,0.21428571428571427,0.617283950617284,0.6956521739130435,0.2,0.13333333333333333
sorafenib_targets,BRAF,72,ELR,NA,first_degree_neighbors,LIHC,NA,NA,NA,0.1,0.7,NA,NA,NA,NA,NA,0.5633423180592991,0.7910447761194029,0.0,0.0,0.6222222222222223,0.782608695652174,0.0,0.0
sorafenib_targets,BRAF,,RF,NA,NA,LIHC,NA,NA,NA,NA,NA,False,NA,gini,0.4,1000,0.5,0.7910447761194029,0.0,0.0,0.5617283950617284,0.782608695652174,0.0,0.0
sorafenib_targets,RAF1,72,GCN,funcoup,NA,LIHC,3,40,4,0.0001,NA,False,hierarchy,NA,NA,NA,0.692722371967655,0.7910447761194029,0.0,0.0,0.519753086419753,0.782608695652174,0.0,0.0
sorafenib_targets,RAF1,72,ELR,NA,first_degree_neighbors,LIHC,NA,NA,NA,1e-05,0,NA,NA,NA,NA,NA,0.7587601078167117,0.6716417910447762,0.34615384615384615,0.6428571428571429,0.6209876543209877,0.6666666666666666,0.2777777777777778,0.3333333333333333
sorafenib_targets,RAF1,,RF,NA,NA,LIHC,NA,NA,NA,NA,NA,False,NA,gini,0.4,1000,0.5,0.7910447761194029,0.0,0.0,0.5358024691358025,0.782608695652174,0.0,0.0
